{
    "commons-bcel": [
        0.9285714285714286,
        0.9705882352941176,
        0.9705882352941176,
        0.9761904761904762,
        0.9782608695652174,
        0.9772727272727273,
        0.9772727272727273,
        0.9772727272727273,
        0.9761904761904762,
        0.9722222222222222,
        0.9705882352941176,
        0.96875,
        0.9666666666666667,
        0.9782608695652174,
        0.9705882352941176,
        0.9772727272727273,
        0.9772727272727273,
        0.9772727272727273,
        0.9736842105263158,
        0.9807692307692307,
        0.9736842105263158,
        0.9666666666666667,
        0.9736842105263158,
        0.9736842105263158,
        0.9736842105263158,
        0.9736842105263158,
        0.9736842105263158,
        0.9722222222222222,
        0.9736842105263158,
        0.9722222222222222,
        0.9666666666666667,
        0.9722222222222222,
        0.9705882352941176,
        0.9705882352941176,
        0.9642857142857143,
        0.9782608695652174,
        0.9736842105263158,
        0.9545454545454546,
        0.9791666666666666,
        0.9761904761904762,
        0.9736842105263158,
        0.975,
        0.975,
        0.98,
        0.9821428571428571,
        0.98,
        0.975,
        0.9772727272727273,
        0.98,
        0.98,
        0.98,
        0.98,
        0.98,
        0.98,
        0.9705882352941176,
        0.98,
        0.9722222222222222,
        0.9722222222222222,
        0.98,
        0.9736842105263158,
        0.975,
        0.9807692307692307,
        0.9821428571428571,
        0.9772727272727273,
        0.9736842105263158,
        0.9761904761904762,
        0.9375,
        0.9761904761904762,
        0.9705882352941176,
        0.9814814814814815,
        0.9833333333333333,
        0.975,
        0.9814814814814815,
        0.9814814814814815,
        0.9821428571428571,
        0.975,
        0.9833333333333333,
        0.975,
        0.9705882352941176
    ],
    "commons-csv": [
        0.9615384615384616,
        0.9615384615384616,
        0.9615384615384616,
        0.9615384615384616,
        0.9615384615384616
    ],
    "commons-dbcp": [
        0.6875,
        0.8,
        0.8,
        0.9705882352941176,
        0.9871794871794872
    ],
    "commons-text": [
        0.7857142857142857,
        0.9375,
        0.9375
    ],
    "java-faker": [
        0.990909090909091,
        0.9857142857142858,
        0.9928571428571429,
        0.9929577464788732,
        0.9929577464788732,
        0.9930555555555556,
        0.9931506849315068,
        0.9929577464788732,
        0.9931506849315068,
        0.9935897435897436,
        0.99375,
        0.9935897435897436,
        0.9936708860759493,
        0.99375
    ],
    "jedis": [
        0.9857142857142858,
        0.984375,
        0.9857142857142858,
        0.9848484848484849,
        0.9857142857142858,
        0.984375,
        0.9864864864864865,
        0.9852941176470589,
        0.9761904761904762,
        0.9864864864864865,
        0.9848484848484849,
        0.9852941176470589,
        0.9857142857142858,
        0.9861111111111112,
        0.9857142857142858,
        0.9861111111111112,
        0.9875,
        0.9864864864864865,
        0.9864864864864865,
        0.9875,
        0.9864864864864865,
        0.9864864864864865,
        0.9864864864864865,
        0.9864864864864865,
        0.9871794871794872,
        0.9861111111111112,
        0.9868421052631579,
        0.9868421052631579,
        0.9871794871794872,
        0.9857142857142858,
        0.9861111111111112,
        0.9871794871794872,
        0.9868421052631579,
        0.9861111111111112,
        0.9868421052631579,
        0.9857142857142858,
        0.9761904761904762,
        0.9761904761904762,
        0.9868421052631579,
        0.9868421052631579,
        0.9868421052631579,
        0.9864864864864865,
        0.9875,
        0.9878048780487805,
        0.9861111111111112,
        0.9864864864864865,
        0.9864864864864865,
        0.9864864864864865,
        0.9864864864864865,
        0.9864864864864865,
        0.9875,
        0.9722222222222222,
        0.9852941176470589,
        0.9852941176470589,
        0.9864864864864865,
        0.972972972972973,
        0.9852941176470589,
        0.9852941176470589,
        0.9852941176470589,
        0.975,
        0.9852941176470589,
        0.9583333333333334,
        0.9767441860465116,
        0.9615384615384616,
        0.9852941176470589,
        0.9852941176470589,
        0.9743589743589743,
        0.9722222222222222,
        0.9852941176470589,
        0.9852941176470589,
        0.9743589743589743,
        0.9852941176470589,
        0.9743589743589743,
        0.972972972972973,
        0.9857142857142858,
        0.975609756097561,
        0.9857142857142858,
        0.9861111111111112,
        0.975609756097561,
        0.9857142857142858,
        0.9857142857142858,
        0.975609756097561,
        0.9864864864864865,
        0.9767441860465116,
        0.9761904761904762,
        0.9736842105263158,
        0.9736842105263158,
        0.9743589743589743,
        0.9871794871794872,
        0.975,
        0.9864864864864865,
        0.9871794871794872,
        0.9864864864864865,
        0.9868421052631579,
        0.9868421052631579,
        0.9868421052631579,
        0.9868421052631579,
        0.9868421052631579,
        0.9868421052631579,
        0.9868421052631579,
        0.9767441860465116,
        0.975,
        0.9772727272727273,
        0.9772727272727273,
        0.975,
        0.9807692307692307,
        0.9883720930232558,
        0.9375,
        0.9888888888888889,
        0.9807692307692307,
        0.9888888888888889,
        0.98,
        0.98,
        0.9888888888888889,
        0.9787234042553191,
        0.9803921568627451,
        0.9811320754716981,
        0.9787234042553191,
        0.9891304347826086,
        0.9891304347826086,
        0.9895833333333334,
        0.9891304347826086,
        0.98,
        0.9803921568627451,
        0.9811320754716981,
        0.9893617021276596,
        0.9811320754716981,
        0.9893617021276596,
        0.9811320754716981,
        0.9791666666666666,
        0.9583333333333334,
        0.9883720930232558,
        0.9893617021276596,
        0.9893617021276596,
        0.95,
        0.9891304347826086,
        0.98,
        0.9875,
        0.9795918367346939,
        0.9891304347826086,
        0.9895833333333334,
        0.9811320754716981,
        0.98,
        0.9895833333333334,
        0.9795918367346939,
        0.9893617021276596,
        0.9893617021276596,
        0.9795918367346939,
        0.9895833333333334,
        0.9895833333333334,
        0.9830508474576272,
        0.9814814814814815,
        0.98,
        0.9814814814814815,
        0.9814814814814815,
        0.9895833333333334,
        0.9888888888888889,
        0.9883720930232558,
        0.9818181818181818,
        0.9818181818181818,
        0.9880952380952381,
        0.9814814814814815,
        0.9814814814814815,
        0.9795918367346939,
        0.9814814814814815,
        0.98,
        0.9795918367346939,
        0.9814814814814815,
        0.9893617021276596,
        0.9803921568627451,
        0.9897959183673469,
        0.9897959183673469,
        0.9897959183673469,
        0.9818181818181818,
        0.9897959183673469,
        0.9818181818181818,
        0.9818181818181818,
        0.9818181818181818,
        0.9818181818181818,
        0.9897959183673469,
        0.9818181818181818,
        0.9818181818181818,
        0.9897959183673469,
        0.9818181818181818,
        0.9880952380952381,
        0.9818181818181818,
        0.9897959183673469,
        0.98,
        0.98,
        0.9803921568627451,
        0.9803921568627451,
        0.9827586206896551,
        0.99,
        0.99,
        0.9880952380952381,
        0.9824561403508771,
        0.9897959183673469,
