rank_index,time,class,failures,ranking,nfpa,DDP
1977.16552734375,0.09,2,1.0,8,0.9950980392156862,0.0
999.3922119140624,0.0,1,0.0,7,0.9950980392156862,0.0
997.3562622070312,0.001,1,0.0,5,0.9950980392156862,0.0
989.918212890625,0.001,1,0.0,6,0.9950980392156862,0.0
966.8605346679688,0.035,0,0.0,4,0.9950980392156862,0.0
890.3995971679688,0.06,0,0.0,3,0.9950980392156862,0.0
774.2083740234375,0.287,0,0.0,2,0.9950980392156862,0.0
27.901123046875,3.466,0,0.0,1,0.9950980392156862,0.0
