rank_index,time,class,failures,ranking,nfpa,failure_metric
1977.193603515625,0.09,2,1,8,0.9950980392156863,0.125
999.7747802734376,0.001,1,0,6,0.9950980392156863,0.125
998.8801879882812,0.0,1,0,7,0.9950980392156863,0.125
995.6196899414062,0.001,1,0,5,0.9950980392156863,0.125
976.3287963867188,0.035,0,0,4,0.9950980392156863,0.125
876.651123046875,0.06,0,0,3,0.9950980392156863,0.125
825.6205444335938,0.287,0,0,2,0.9950980392156863,0.125
65.44303894042969,3.466,0,0,1,0.9950980392156863,0.125
