rank_index,time,class,failures,ranking,nfpa,failure_metric
0.688967846307447,0.0,1,0,7,0.9215686274509802,0.75
0.6887287976956459,0.001,1,0,6,0.9215686274509802,0.75
0.6031736850297028,0.001,1,0,5,0.9215686274509802,0.75
0.6031736850297028,0.06,0,0,3,0.9215686274509802,0.75
0.12118567689545913,0.035,0,0,4,0.9215686274509802,0.75
0.11377916553104013,0.09,2,1,8,0.9215686274509802,0.75
0.047778773289183236,0.287,0,0,2,0.9215686274509802,0.75
0.0,3.466,0,0,1,0.9215686274509802,0.75
