rank_index,time,class,failures,ranking,nfpa,failure_metric
3.277989149093628,0.0,1,0,7,0.9362745098039215,0.625
2.051275491714477,0.001,1,0,5,0.9362745098039215,0.625
-0.201849177479744,0.001,1,0,6,0.9362745098039215,0.625
-1.8822309970855715,0.06,0,0,3,0.9362745098039215,0.625
-2.3436825275421143,0.09,2,1,8,0.9362745098039215,0.625
-2.3436825275421143,0.035,0,0,4,0.9362745098039215,0.625
-2.5258729457855225,0.287,0,0,2,0.9362745098039215,0.625
-2.5486502647399902,3.466,0,0,1,0.9362745098039215,0.625
