rank_index,time,class,failures,ranking,nfpa,failure_metric
2.503181218176592,0.287,0,0,2,0.6470588235294118,0.75
1.5367434119188133,0.035,0,0,4,0.6470588235294118,0.75
0.6999926409343061,0.06,0,0,3,0.6470588235294118,0.75
0.6120426381468276,3.466,0,0,1,0.6470588235294118,0.75
0.34756972504398764,0.001,1,0,6,0.6470588235294118,0.75
-0.016403779460985844,0.09,2,1,8,0.6470588235294118,0.75
-0.031071987565400506,0.001,1,0,5,0.6470588235294118,0.75
-0.06621058588723826,0.0,1,0,7,0.6470588235294118,0.75
