rank_index,time,class,failures,ranking,nfpa,failure_metric
0.4577000384484454,0.001,1,0,5,0.9656862745098039,0.375
0.4577000384467198,0.0,1,0,7,0.9656862745098039,0.375
0.4577000384466632,0.09,2,1,8,0.9656862745098039,0.375
0.4577000384466632,0.001,1,0,6,0.9656862745098039,0.375
0.4577000384466632,0.035,0,0,4,0.9656862745098039,0.375
0.4577000384466632,0.06,0,0,3,0.9656862745098039,0.375
0.4577000384466632,0.287,0,0,2,0.9656862745098039,0.375
0.4577000384466632,3.466,0,0,1,0.9656862745098039,0.375
