rank_index,time,class,failures,ranking,nfpa,failure_metric
1.0324072837829592,0.0,1,0,7,0.96078431372549,0.5
1.0324072837829592,0.001,1,0,5,0.96078431372549,0.5
-0.08160709589719772,0.001,1,0,6,0.96078431372549,0.5
-0.5033923387527466,0.09,2,1,8,0.96078431372549,0.5
-0.5033923387527466,0.06,0,0,3,0.96078431372549,0.5
-0.5109784007072449,0.035,0,0,4,0.96078431372549,0.5
-0.8852164745330809,0.287,0,0,2,0.96078431372549,0.5
-3.484530210494995,3.466,0,0,1,0.96078431372549,0.5
