rank_index,time,class,failures,ranking,nfpa,failure_metric
0.6386020077352954,0.0,1,0,7,0.9215686274509803,0.5
0.4060467620054124,0.001,1,0,5,0.9215686274509803,0.5
0.4060467620054124,0.06,0,0,3,0.9215686274509803,0.5
0.11163995035067796,0.09,2,1,8,0.9215686274509803,0.5
0.11163995035067796,0.001,1,0,6,0.9215686274509803,0.5
0.11163995035067796,0.287,0,0,2,0.9215686274509803,0.5
0.0,0.035,0,0,4,0.9215686274509803,0.5
0.0,3.466,0,0,1,0.9215686274509803,0.5
