rank_index,time,class,failures,ranking,nfpa,failure_metric
2.584756851671876,3.466,0,0,1,0.6764705882352942,0.875
1.0259546879468278,0.287,0,0,2,0.6764705882352942,0.875
0.5845213568478429,0.001,1,0,6,0.6764705882352942,0.875
0.009039229864358234,0.035,0,0,4,0.6764705882352942,0.875
-0.060866886839922626,0.001,1,0,5,0.6764705882352942,0.875
-0.08882417301284151,0.0,1,0,7,0.6764705882352942,0.875
-0.7353880187731234,0.09,2,1,8,0.6764705882352942,0.875
-1.2494371344101052,0.06,0,0,3,0.6764705882352942,0.875
