rank_index,time,class,failures,ranking,nfpa,failure_metric
0.5058917250698509,0.287,0,0,2,0.8480392156862744,0.375
0.5058917191795164,0.001,1,0,6,0.8480392156862744,0.375
0.5058871357638414,0.09,2,1,8,0.8480392156862744,0.375
0.5058870108521129,0.001,1,0,5,0.8480392156862744,0.375
0.5058868224812829,0.0,1,0,7,0.8480392156862744,0.375
0.505886399214466,3.466,0,0,1,0.8480392156862744,0.375
0.5058863369805073,0.035,0,0,4,0.8480392156862744,0.375
0.5058862948957821,0.06,0,0,3,0.8480392156862744,0.375
