rank_index,time,class,failures,ranking,nfpa,failure_metric
1992.1365966796875,0.09,2,1,8,0.9950980392156862,0.125
999.118896484375,0.0,1,0,7,0.9950980392156862,0.125
995.548583984375,0.001,1,0,5,0.9950980392156862,0.125
987.2330322265624,0.001,1,0,6,0.9950980392156862,0.125
980.5800170898438,0.035,0,0,4,0.9950980392156862,0.125
869.7447509765625,0.06,0,0,3,0.9950980392156862,0.125
669.6668090820312,0.287,0,0,2,0.9950980392156862,0.125
183.03823852539062,3.466,0,0,1,0.9950980392156862,0.125
