rank_index,time,class,failures,ranking,nfpa,failure_metric
0.4698423232243738,0.09,2,1,8,1.0,0.125
0.4698423232243738,0.0,1,0,7,1.0,0.125
0.4698423232243738,0.001,1,0,6,1.0,0.125
0.4698423232243738,0.001,1,0,5,1.0,0.125
0.4698423232243738,0.035,0,0,4,1.0,0.125
0.4698423232243738,0.06,0,0,3,1.0,0.125
0.4698423232243738,0.287,0,0,2,1.0,0.125
0.4698423232243738,3.466,0,0,1,1.0,0.125
