rank_index,time,class,failures,ranking,nfpa,failure_metric
1.3376101271346574,0.287,0,0,2,0.696078431372549,0.5
0.8706416301487585,0.06,0,0,3,0.696078431372549,0.5
0.4008815687607308,0.035,0,0,4,0.696078431372549,0.5
0.1833361302616728,0.09,2,1,8,0.696078431372549,0.5
0.12653402172837847,3.466,0,0,1,0.696078431372549,0.5
0.11126675332002596,0.001,1,0,6,0.696078431372549,0.5
0.03920093933484646,0.0,1,0,7,0.696078431372549,0.5
-0.03348837248692561,0.001,1,0,5,0.696078431372549,0.5
