rank_index,time,class,failures,ranking,nfpa,failure_metric
0.831172560872185,0.0,1,0,7,0.9411764705882352,0.625
0.7891649703077047,0.001,1,0,6,0.9411764705882352,0.625
0.7707626355503757,0.001,1,0,5,0.9411764705882352,0.625
0.7707626355503757,0.06,0,0,3,0.9411764705882352,0.625
0.27006348126380203,0.09,2,1,8,0.9411764705882352,0.625
0.2191770279535728,0.035,0,0,4,0.9411764705882352,0.625
0.14494090663055476,0.287,0,0,2,0.9411764705882352,0.625
0.0,3.466,0,0,1,0.9411764705882352,0.625
