rank_index,time,class,failures,ranking,nfpa,failure_metric
1990.3194580078125,0.09,2,1,8,0.9950980392156862,0.125
998.381103515625,0.0,1,0,7,0.9950980392156862,0.125
996.8062133789062,0.001,1,0,5,0.9950980392156862,0.125
984.5034790039062,0.001,1,0,6,0.9950980392156862,0.125
970.2245483398438,0.035,0,0,4,0.9950980392156862,0.125
817.377197265625,0.06,0,0,3,0.9950980392156862,0.125
779.13671875,0.287,0,0,2,0.9950980392156862,0.125
29.501991271972656,3.466,0,0,1,0.9950980392156862,0.125
