rank_index,time,class,failures,ranking,nfpa,failure_metric
2.927896738052368,0.0,1,0,7,0.9215686274509803,0.5
1.244025945663452,0.001,1,0,5,0.9215686274509803,0.5
-0.5716719031333923,0.06,0,0,3,0.9215686274509803,0.5
-1.7473363876342771,0.09,2,1,8,0.9215686274509803,0.5
-1.7473363876342771,0.001,1,0,6,0.9215686274509803,0.5
-1.9699950218200684,0.287,0,0,2,0.9215686274509803,0.5
-2.0439367294311523,0.035,0,0,4,0.9215686274509803,0.5
-2.86747407913208,3.466,0,0,1,0.9215686274509803,0.5
