rank_index,time,class,failures,ranking,nfpa,failure_metric
1.4024124424948514,0.09,2,1,8,0.8088235294117646,0.125
1.2225085173282424,0.287,0,0,2,0.8088235294117646,0.125
0.6359477539865154,0.035,0,0,4,0.8088235294117646,0.125
0.6322623891160439,0.06,0,0,3,0.8088235294117646,0.125
0.6093798965742739,0.001,1,0,6,0.8088235294117646,0.125
0.19396851179465108,0.001,1,0,5,0.8088235294117646,0.125
0.15868382764209413,3.466,0,0,1,0.8088235294117646,0.125
0.1574504913648221,0.0,1,0,7,0.8088235294117646,0.125
