rank_index,time,class,failures,ranking,nfpa,DDP
1.993743995815843,0.035,0,0,4,0.7009803921568627,0.375
1.6837896880321646,0.287,0,0,2,0.7009803921568627,0.375
1.6139389078663833,0.06,0,0,3,0.7009803921568627,0.375
0.8229804491078981,0.09,2,1,8,0.7009803921568627,0.375
0.7549352644149318,3.466,0,0,1,0.7009803921568627,0.375
0.13341411849620732,0.001,1,0,6,0.7009803921568627,0.375
0.03271112778731793,0.001,1,0,5,0.7009803921568627,0.375
0.02663610269188741,0.0,1,0,7,0.7009803921568627,0.375
