rank_index,time,class,failures,ranking,nfpa,DDP
0.06517886481316684,0.09,2,1,8,0.9705882352941176,0.0
0.06517886481316684,0.035,0,0,4,0.9705882352941176,0.0
0.0,0.0,1,0,7,0.9705882352941176,0.0
0.0,0.001,1,0,6,0.9705882352941176,0.0
0.0,0.001,1,0,5,0.9705882352941176,0.0
0.0,0.06,0,0,3,0.9705882352941176,0.0
0.0,0.287,0,0,2,0.9705882352941176,0.0
0.0,3.466,0,0,1,0.9705882352941176,0.0
