rank_index,time,class,failures,ranking,nfpa,DDP
1805.87890625,0.09,2,1,8,0.9950980392156862,0.0
1001.5637817382812,0.0,1,0,7,0.9950980392156862,0.0
996.2775268554688,0.001,1,0,5,0.9950980392156862,0.0
989.5918579101562,0.001,1,0,6,0.9950980392156862,0.0
968.8906860351562,0.035,0,0,4,0.9950980392156862,0.0
922.1782836914062,0.06,0,0,3,0.9950980392156862,0.0
748.89013671875,0.287,0,0,2,0.9950980392156862,0.0
23.728376388549805,3.466,0,0,1,0.9950980392156862,0.0
