rank_index,time,class,failures,ranking,nfpa,DDP
-2.588932752609253,0.035,0,0.0,4,0.8137254901960783,0.625
-2.597749948501587,0.0,1,0.0,7,0.8137254901960783,0.625
-2.61621618270874,0.001,1,0.0,6,0.8137254901960783,0.625
-2.61621618270874,0.287,0,0.0,2,0.8137254901960783,0.625
-2.748711109161377,3.466,0,0.0,1,0.8137254901960783,0.625
-2.775386095046997,0.09,2,1.0,8,0.8137254901960783,0.625
-2.8065385818481445,0.06,0,0.0,3,0.8137254901960783,0.625
-2.8178696632385254,0.001,1,0.0,5,0.8137254901960783,0.625
